{"RSquared":0.02973663862141851,"MeanAbsoluteError":271.03419276646207,"MeanSquaredError":444681.5991663486,"RootMeanSquaredError":666.8445089871766,"TrainingSampleCount":57,"LastTrainedDate":"2026-04-29T07:11:58.373089Z"}